{"cameraMode":{"drawMode":0,"name":"Shaded","section":"Shading Mode"},"sceneLighting":true,"audioPlay":false,"sceneViewState":{"m_AlwaysRefresh":false,"showFog":true,"showSkybox":true,"showFlares":true,"showImageEffects":true,"showParticleSystems":true,"showVisualEffectGraphs":true,"m_FxEnabled":true},"in2DMode":false,"pivot":{"x":-4.882267951965332,"y":0.502785325050354,"z":-3.2762269973754885},"rotation":{"x":-0.15010355412960053,"y":0.8482375741004944,"z":-0.38677310943603518,"w":-0.32919439673423769},"size":1.7119499444961548,"orthographic":true}