{"cameraMode":{"drawMode":0,"name":"Shaded","section":"Shading Mode"},"sceneLighting":true,"audioPlay":false,"sceneViewState":{"m_AlwaysRefresh":false,"showFog":true,"showSkybox":true,"showFlares":true,"showImageEffects":true,"showParticleSystems":true,"showVisualEffectGraphs":true,"m_FxEnabled":true},"in2DMode":false,"pivot":{"x":5.085554122924805,"y":2.1897730827331545,"z":12.325773239135743},"rotation":{"x":-0.15010355412960053,"y":0.8482375741004944,"z":-0.38677310943603518,"w":-0.32919439673423769},"size":1.448046326637268,"orthographic":true}