{"cameraMode":{"drawMode":0,"name":"Shaded","section":"Shading Mode"},"sceneLighting":false,"audioPlay":false,"sceneViewState":{"m_AlwaysRefresh":false,"showFog":true,"showSkybox":false,"showFlares":true,"showImageEffects":true,"showParticleSystems":true,"showVisualEffectGraphs":true,"m_FxEnabled":true},"in2DMode":false,"pivot":{"x":-7.608362197875977,"y":1.1646301746368409,"z":7.242153644561768},"rotation":{"x":-0.5167914628982544,"y":-0.025172660127282144,"z":0.015193620696663857,"w":-0.8557029962539673},"size":1.7538737058639527,"orthographic":true}